0.33231,7.65625
0.33231,7.552083333
0.33231,7.447916667
0.33231,7.34375
0.33231,7.239583333
0.33231,7.135416667
0.33231,7.03125
0.33231,6.927083333
0.33231,6.822916667
0.33231,6.71875
0.33231,6.614583333
0.33231,6.510416667
0.33231,6.40625
0.33231,6.302083333
0.33231,6.197916667
0.33231,6.09375
0.33231,5.989583333
0.33231,5.885416667
0.33231,5.78125
0.33231,5.677083333
0.33231,5.572916667
0.33231,5.46875
0.33231,5.364583333
0.33231,5.260416667
-0.33231,5.15625
-0.33231,5.052083333
-0.33231,4.947916667
-0.33231,4.84375
-0.33231,4.739583333
-0.33231,4.635416667
-0.33231,4.53125
-0.33231,4.427083333
-0.33231,4.322916667
-0.33231,4.21875
-0.33231,4.114583333
-0.33231,4.010416667
-0.33231,3.90625
-0.33231,3.802083333
-0.33231,3.697916667
-0.33231,3.59375
-0.33231,3.489583333
-0.33231,3.385416667
-0.33231,3.28125
-0.33231,3.177083333
-0.33231,3.072916667
-0.33231,2.96875
-0.33231,2.864583333
-0.33231,2.760416667
0.33231,2.65625
0.33231,2.552083333
0.33231,2.447916667
0.33231,2.34375
0.33231,2.239583333
0.33231,2.135416667
0.33231,2.03125
0.33231,1.927083333
0.33231,1.822916667
0.33231,1.71875
0.33231,1.614583333
0.33231,1.510416667
0.33231,1.40625
0.33231,1.302083333
0.33231,1.197916667
0.33231,1.09375
0.33231,0.989583333
0.33231,0.885416667
0.33231,0.78125
0.33231,0.677083333
0.33231,0.572916667
0.33231,0.46875
0.33231,0.364583333
0.33231,0.260416667
-0.33231,0.15625
-0.33231,0.052083333
-0.33231,-0.052083333
-0.33231,-0.15625
-0.33231,-0.260416667
-0.33231,-0.364583333
-0.33231,-0.46875
-0.33231,-0.572916667
-0.33231,-0.677083333
-0.33231,-0.78125
-0.33231,-0.885416667
-0.33231,-0.989583333
-0.33231,-1.09375
-0.33231,-1.197916667
-0.33231,-1.302083333
-0.33231,-1.40625
-0.33231,-1.510416667
-0.33231,-1.614583333
-0.33231,-1.71875
-0.33231,-1.822916667
-0.33231,-1.927083333
-0.33231,-2.03125
-0.33231,-2.135416667
-0.33231,-2.239583333
0.33231,-2.34375
0.33231,-2.447916667
0.33231,-2.552083333
0.33231,-2.65625
0.33231,-2.760416667
0.33231,-2.864583333
0.33231,-2.96875
0.33231,-3.072916667
0.33231,-3.177083333
0.33231,-3.28125
0.33231,-3.385416667
0.33231,-3.489583333
0.33231,-3.59375
0.33231,-3.697916667
0.33231,-3.802083333
0.33231,-3.90625
0.33231,-4.010416667
0.33231,-4.114583333
0.33231,-4.21875
0.33231,-4.322916667
0.33231,-4.427083333
0.33231,-4.53125
0.33231,-4.635416667
0.33231,-4.739583333
-0.33231,-4.84375
-0.33231,-4.947916667
-0.33231,-5.052083333
-0.33231,-5.15625
-0.33231,-5.260416667
-0.33231,-5.364583333
-0.33231,-5.46875
-0.33231,-5.572916667
-0.33231,-5.677083333
-0.33231,-5.78125
-0.33231,-5.885416667
-0.33231,-5.989583333
-0.33231,-6.09375
-0.33231,-6.197916667
-0.33231,-6.302083333
-0.33231,-6.40625
-0.33231,-6.510416667
-0.33231,-6.614583333
-0.33231,-6.71875
-0.33231,-6.822916667
-0.33231,-6.927083333
-0.33231,-7.03125
-0.33231,-7.135416667
-0.33231,-7.239583333
0.33231,-7.34375
0.33231,-7.447916667
0.33231,-7.552083333
0.33231,-7.65625
0.33231,-7.760416667
0.33231,-7.864583333
0.33231,-7.96875
0.33231,-8.072916667
0.33231,-8.177083333
0.33231,-8.28125
0.33231,-8.385416667
0.33231,-8.489583333
0.33231,-8.59375
0.33231,-8.697916667
0.33231,-8.802083333
0.33231,-8.90625
0.33231,-9.010416667
0.33231,-9.114583333
0.33231,-9.21875
0.33231,-9.322916667
0.33231,-9.427083333
0.33231,-9.53125
0.33231,-9.635416667
0.33231,-9.739583333
-0.33231,-9.84375
-0.33231,-9.947916667
-0.33231,-10.05208333
-0.33231,-10.15625
-0.33231,-10.26041667
-0.33231,-10.36458333
-0.33231,-10.46875
-0.33231,-10.57291667
-0.33231,-10.67708333
-0.33231,-10.78125
-0.33231,-10.88541667
-0.33231,-10.98958333
-0.33231,-11.09375
-0.33231,-11.19791667
-0.33231,-11.30208333
-0.33231,-11.40625
-0.33231,-11.51041667
-0.33231,-11.61458333
-0.33231,-11.71875
-0.33231,-11.82291667
-0.33231,-11.92708333
-0.33231,-12.03125
-0.33231,-12.13541667
-0.33231,-12.23958333
